<?xml version="1.0" encoding="ISO-8859-1"?>
<!DOCTYPE refentry PUBLIC "-//OASIS//DTD DocBook XML V4.1.2//EN"
                   "http://www.oasis-open.org/docbook/xml/4.1.2/docbookx.dtd">
<refentry>
<refmeta>
<refentrytitle>soulsetup</refentrytitle>
<manvolnum>1</manvolnum>
</refmeta>
<refnamediv id='name'>
<refname>Soulsetup</refname>
<refpurpose><citerefentry><refentrytitle>soulfind</refentrytitle><manvolnum>1</manvolnum></citerefentry> configuration utility</refpurpose>
</refnamediv>
<!-- body begins here -->
<refsynopsisdiv id='synopsis'>
<cmdsynopsis>
  <command>soulsetup</command>
  	<arg choice='opt'><replaceable>database-path</replaceable></arg>
</cmdsynopsis>
</refsynopsisdiv>


<refsect1 id='description'><title>Description</title>
<para><command>Soulsetup</command> is Soulfind's configuration utility, meant to ease the task of modifiying the configuration in the database.</para>
</refsect1>

<refsect1 id='options'><title>Options</title>
<variablelist remap='IP'>
  <varlistentry>
  <term><option><replaceable>database-path</replaceable></option></term>
  <listitem>
    <para>Path to the <emphasis>sqlite3</emphasis> database, will be created if it doesn't exist (default: <filename>/var/db/soulfind/soulfind.db</filename>)</para> 
  </listitem>
  </varlistentry>
</variablelist>
</refsect1>

<refsect1 id='bugs'><title>Reporting bugs</title>
<para>Report bugs to <email>soulfind@seeschloss.org</email>.</para>
</refsect1>

<refsect1 id='seealso'><title>See also</title>
<para><citerefentry><refentrytitle>soulfind</refentrytitle><manvolnum>1</manvolnum></citerefentry></para>
</refsect1>

<refsect1 id='author'><title>Author</title>
<para>SeeSchloss <email>seeschloss@seeschloss.org</email></para>
</refsect1>
</refentry>
